[
    {
        "category": "Процессоры",
        "name": "Процессор Intel Core i5-8600K OEM",
        "image": "0513732_2.jpg",
        "short_desc": "Intel Core i5-8600K - шустрый шестиядерный процессор, который послужит отличной основой при создании мощной мультимедийной станции.",
        "description": "Intel Core i5-8600K - шустрый шестиядерный процессор, который послужит отличной основой при создании мощной мультимедийной станции.",
        "price": "22000.00",
        "quantity": 198
    },
    {
        "category":"Серверные платформы",
        "name": "Сервер Dell PowerEdge T30",
        "image": "0535934_1.jpg",
        "short_desc": "Сервер Dell PowerEdge T30 E3-1225v5, 8GB DDR4, 2x250GB SSD SATA +1TB SATA 7.2k HDD, Intel RSC, DVDRW, 1GbE, AMT11, Tower, 1Y NBD",
        "description": "PowerEdge T30 E3-1225v5 (3.3GHz) 4C, 8GB (1x8GB) 2133MHz DDR4 UDIMM, (2)x 250GB SSD SATA 3D-NAND TLC 2.5\" Drive + 1TB SATA 7200 rpm Cabled 3.5\" HDD (up to 4x3.5\"), Onboard SATA RAID (Intel Rapid Storage Controller 12.X), DVD+/-RW, Intel i219 Single Port 1GbE, AMT 11.0, PS 290W (fixed), Tower, 1Y NBD",
        "price": "58890.00",
        "quantity": 11
    },
    {
        "category":"Процессоры",
        "name": "AMD Ryzen 7 2700X BOX",
        "image": "281556.jpg",
        "short_desc": "Socket AM4, 8-ядерный, 3700 МГц, Turbo: 4300 МГц, Pinnacle Ridge, Кэш L2 - 4 Мб, Кэш L3 - 16 Мб, 12 нм, 105 Вт ",
        "description": "Socket AM4, 8-ядерный, 3700 МГц, Turbo: 4300 МГц, Pinnacle Ridge, Кэш L2 - 4 Мб, Кэш L3 - 16 Мб, 12 нм, 105 Вт",
        "price": "25830.00",
        "quantity": 7
    },
    {
        "category":"Видеокарты",
        "name": "Видеокарта nVidia GeForce RTX2080 Ti MSI PCI-E 11264Mb (RTX 2080 Ti LIGHTNING Z)",
        "image": "308715.png",
        "short_desc": "PCI-E 3.0, ядро - 1770 МГц, память - 11 Гб GDDR6 14000 МГц, 352 бит, HDMI, 3xDisplayPort, USB Type-C, Retail",
        "description": "PCI-E 3.0, ядро - 1770 МГц, память - 11 Гб GDDR6 14000 МГц, 352 бит, HDMI, 3xDisplayPort, USB Type-C, Retail",
        "price": "113820.00",
        "quantity": 4
    },
    {
        "category":"Видеокарты",
        "name": "Видеокарта AMD (ATI) Radeon VII Sapphire PCI-E 16384Mb (21291-01-40G)",
        "image": "314417.jpg",
        "short_desc": "PCI-E 3.0, ядро - 1400 МГц, Boost - 1750 МГц, память - 16 Гб HBM2 2000 МГц, 4096 бит, HDMI, 3xDisplayPort, Retail",
        "description": "PCI-E 3.0, ядро - 1400 МГц, Boost - 1750 МГц, память - 16 Гб HBM2 2000 МГц, 4096 бит, HDMI, 3xDisplayPort, Retail",
        "price": "56110.00",
        "quantity": 9
    }
]